date,death,deathIncrease,hospitalized,hospitalizedIncrease,positive,positiveIncrease,negative,negativeIncrease,retail_and_recreation_percent_change_from_baseline,grocery_and_pharmacy_percent_change_from_baseline,parks_percent_change_from_baseline,transit_stations_percent_change_from_baseline,workplaces_percent_change_from_baseline,residential_percent_change_from_baseline
2020-03-21,12.0,2,158.0,158,528.0,142,6579.0,4709,-39.0,-3.0,-33.0,-42.0,-26.0,11.0
2020-03-22,13.0,1,185.0,27,731.0,203,7990.0,1411,-43.0,-12.0,-33.0,-49.0,-33.0,11.0
2020-03-23,14.0,1,217.0,32,1029.0,298,11063.0,3073,-37.0,-12.0,-33.0,-46.0,-36.0,15.0
2020-03-24,18.0,4,259.0,42,1205.0,176,13127.0,2064,-38.0,-12.0,-33.0,-46.0,-39.0,16.0
2020-03-25,22.0,4,316.0,57,1488.0,283,15374.0,2247,-38.0,-13.0,-33.0,-48.0,-40.0,17.0
2020-03-26,28.0,6,406.0,90,1985.0,497,23741.0,8367,-40.0,-14.0,-34.0,-51.0,-42.0,18.0
2020-03-27,34.0,6,456.0,50,2520.0,535,28186.0,4445,-44.0,-17.0,-38.0,-55.0,-43.0,20.0
2020-03-28,54.0,20,526.0,70,3179.0,659,35366.0,7180,-49.0,-23.0,-48.0,-59.0,-36.0,14.0
2020-03-29,56.0,2,594.0,68,3884.0,705,39070.0,3704,-50.0,-26.0,-48.0,-63.0,-41.0,13.0
2020-03-30,63.0,7,652.0,58,4760.0,876,48225.0,9155,-42.0,-22.0,-42.0,-55.0,-43.0,17.0
2020-03-31,77.0,14,823.0,171,5612.0,852,54285.0,6060,-42.0,-20.0,-46.0,-52.0,-45.0,19.0
2020-04-01,87.0,10,949.0,126,6516.0,904,59529.0,5244,-37.0,-11.0,-41.0,-53.0,-45.0,18.0
2020-04-02,128.0,41,1123.0,174,7548.0,1032,69286.0,9757,-39.0,-11.0,-42.0,-55.0,-46.0,19.0
2020-04-03,163.0,35,1287.0,164,8816.0,1268,82137.0,12851,-47.0,-19.0,-49.0,-59.0,-48.0,22.0
2020-04-04,191.0,28,1462.0,175,10097.0,1281,90956.0,8819,-53.0,-25.0,-57.0,-64.0,-40.0,16.0
2020-04-05,218.0,27,1572.0,110,11245.0,1148,101253.0,10297,-57.0,-33.0,-70.0,-70.0,-45.0,15.0
2020-04-06,236.0,18,1682.0,110,12008.0,763,109950.0,8697,-47.0,-25.0,-50.0,-59.0,-48.0,19.0
2020-04-07,296.0,60,1999.0,317,13167.0,1159,123415.0,13465,-46.0,-23.0,-46.0,-56.0,-49.0,20.0
2020-04-08,309.0,13,2062.0,63,14173.0,1006,127679.0,4264,-46.0,-23.0,-45.0,-57.0,-49.0,20.0
2020-04-09,354.0,45,2268.0,206,15219.0,1046,136185.0,8506,-46.0,-21.0,-46.0,-58.0,-50.0,21.0
2020-04-10,390.0,36,2487.0,219,16252.0,1033,145299.0,9114,-47.0,-20.0,-48.0,-61.0,-53.0,23.0
2020-04-11,438.0,48,2661.0,174,17340.0,1088,154439.0,9140,-49.0,-20.0,-54.0,-65.0,-40.0,15.0
2020-04-12,465.0,27,2772.0,111,18404.0,1064,163398.0,8959,-66.0,-49.0,-63.0,-69.0,-50.0,15.0
2020-04-13,483.0,18,2833.0,61,19213.0,809,175606.0,12208,-47.0,-24.0,-53.0,-59.0,-47.0,19.0
2020-04-14,537.0,54,3060.0,227,20135.0,922,181813.0,6207,-46.0,-23.0,-52.0,-56.0,-48.0,20.0
2020-04-15,609.0,72,3344.0,284,20727.0,592,190998.0,9185,-42.0,-21.0,-53.0,-56.0,-47.0,20.0
2020-04-16,646.0,37,3460.0,116,21624.0,897,196351.0,5353,-44.0,-22.0,-56.0,-57.0,-48.0,21.0
2020-04-17,699.0,53,3665.0,205,22823.0,1199,210718.0,14367,-44.0,-21.0,-47.0,-58.0,-47.0,21.0
2020-04-18,754.0,55,3842.0,177,23906.0,1083,221258.0,10540,-49.0,-25.0,-60.0,-62.0,-38.0,15.0
2020-04-19,781.0,27,3930.0,88,24647.0,741,230083.0,8825,-48.0,-23.0,-52.0,-64.0,-40.0,13.0
2020-04-20,806.0,25,4010.0,80,25360.0,713,239565.0,9482,-44.0,-25.0,-54.0,-58.0,-46.0,19.0
2020-04-21,856.0,50,4235.0,225,26106.0,746,249564.0,9999,-41.0,-20.0,-43.0,-53.0,-46.0,19.0
2020-04-22,910.0,54,4469.0,234,26965.0,859,260318.0,10754,-41.0,-20.0,-40.0,-54.0,-46.0,19.0
2020-04-23,979.0,69,4693.0,224,27662.0,697,267876.0,7558,-43.0,-21.0,-47.0,-55.0,-47.0,20.0
2020-04-24,1031.0,52,4888.0,195,28876.0,1214,286785.0,18909,-47.0,-25.0,-60.0,-60.0,-47.0,23.0
2020-04-25,1075.0,44,5045.0,157,29610.0,734,302260.0,15475,-45.0,-19.0,-52.0,-59.0,-36.0,13.0
2020-04-26,1094.0,19,5155.0,110,30405.0,795,313085.0,10825,-47.0,-23.0,-52.0,-63.0,-40.0,12.0
2020-04-27,1101.0,7,5211.0,56,30924.0,519,324325.0,11240,-38.0,-19.0,-39.0,-54.0,-44.0,17.0
2020-04-28,1154.0,53,5266.0,55,31672.0,748,334029.0,9704,-38.0,-17.0,-39.0,-50.0,-45.0,13.0
2020-04-29,1240.0,86,5624.0,358,32015.0,343,340295.0,6266,-38.0,-18.0,-36.0,-51.0,-45.0,18.0
2020-04-30,1290.0,50,5795.0,171,32529.0,514,348715.0,8420,-40.0,-19.0,-47.0,-53.0,-46.0,19.0
2020-05-01,1314.0,24,5795.0,0,33506.0,977,367971.0,19256,-36.0,-13.0,-27.0,-51.0,-43.0,18.0
2020-05-02,1388.0,74,5945.0,150,34209.0,703,380549.0,12578,-40.0,-14.0,-31.0,-53.0,-32.0,11.0
2020-05-03,1403.0,15,6244.0,299,34841.0,632,392111.0,11562,-40.0,-14.0,-30.0,-58.0,-35.0,10.0
2020-05-04,1423.0,20,6329.0,85,35609.0,768,407373.0,15262,-32.0,-15.0,-30.0,-50.0,-41.0,15.0
2020-05-05,1536.0,113,6546.0,217,36183.0,574,428252.0,20879,-31.0,-10.0,-29.0,-48.0,-41.0,16.0
2020-05-06,1605.0,69,6776.0,230,36764.0,581,442049.0,13797,-33.0,-14.0,-26.0,-49.0,-41.0,16.0
2020-05-07,1667.0,62,6990.0,214,37389.0,625,454122.0,12073,-33.0,-12.0,-23.0,-48.0,-41.0,16.0
2020-05-08,1738.0,71,7157.0,167,37733.0,344,474142.0,20020,-33.0,-9.0,-20.0,-48.0,-40.0,17.0
2020-05-09,1785.0,47,7325.0,168,38498.0,765,487730.0,13588,-33.0,-3.0,-26.0,-49.0,-28.0,9.0
2020-05-10,1791.0,6,7404.0,79,39179.0,681,498352.0,10622,-35.0,-10.0,-51.0,-56.0,-31.0,9.0
2020-05-11,1805.0,14,7458.0,54,39562.0,383,520075.0,21723,-31.0,-16.0,-28.0,-48.0,-39.0,14.0
2020-05-12,1849.0,44,7654.0,196,40168.0,606,537681.0,17606,-30.0,-12.0,-24.0,-45.0,-39.0,15.0
2020-05-13,1898.0,49,7835.0,181,40967.0,799,552361.0,14680,-29.0,-13.0,-21.0,-47.0,-39.0,15.0
2020-05-14,1948.0,50,7993.0,158,41759.0,792,565627.0,13266,-31.0,-13.0,-29.0,-48.0,-39.0,13.0
2020-05-15,1991.0,43,7993.0,0,42545.0,786,565627.0,0,-33.0,-14.0,-34.0,-50.0,-39.0,17.0
2020-05-16,2040.0,49,8393.0,400,43025.0,480,585236.0,19609,-32.0,-12.0,-28.0,-50.0,-26.0,9.0
2020-05-17,2049.0,9,8478.0,85,44161.0,1136,606204.0,20968,-33.0,-15.0,-20.0,-53.0,-28.0,9.0
2020-05-18,2073.0,24,8553.0,75,44815.0,654,629970.0,23766,-31.0,-18.0,-42.0,-50.0,-37.0,14.0
2020-05-19,2129.0,56,8744.0,191,45427.0,612,668911.0,38941,-26.0,-10.0,-27.0,-46.0,-37.0,14.0
2020-05-20,2173.0,44,8934.0,190,45902.0,475,723877.0,54966,-25.0,-12.0,-20.0,-45.0,-37.0,14.0
2020-05-21,2222.0,49,9200.0,266,47092.0,1190,765254.0,41377,-26.0,-11.0,-22.0,-44.0,-37.0,14.0
2020-05-22,2268.0,46,9372.0,172,47817.0,725,786045.0,20791,-26.0,-8.0,-16.0,-43.0,-36.0,14.0
2020-05-23,2312.0,44,9567.0,195,48550.0,733,806310.0,20265,-28.0,-9.0,-17.0,-46.0,-22.0,7.0
2020-05-24,2316.0,4,9638.0,71,49095.0,545,820368.0,14058,-30.0,-14.0,-26.0,-53.0,-27.0,8.0
2020-05-25,2331.0,15,9681.0,43,50075.0,980,856489.0,36121,-34.0,-23.0,-40.0,-58.0,-68.0,22.0
2020-05-26,2338.0,7,9740.0,59,50578.0,503,870969.0,14480,-27.0,-12.0,-34.0,-44.0,-35.0,14.0
2020-05-27,2400.0,62,9899.0,159,51053.0,475,880937.0,9968,-24.0,-11.0,-20.0,-43.0,-35.0,13.0
2020-05-28,2446.0,46,10056.0,157,51667.0,614,898331.0,17394,-24.0,-11.0,-25.0,-43.0,-34.0,13.0
2020-05-29,2495.0,49,10243.0,187,52888.0,1221,928742.0,30411,-24.0,-9.0,-20.0,-43.0,-33.0,14.0
2020-05-30,2530.0,35,10375.0,132,53640.0,752,939544.0,10802,-26.0,-10.0,-16.0,-43.0,-15.0,7.0
2020-05-31,2534.0,4,10453.0,78,54510.0,870,965186.0,25642,-26.0,-12.0,-13.0,-47.0,-19.0,7.0
2020-06-01,2543.0,9,10494.0,41,55210.0,700,983570.0,18384,-21.0,-9.0,-24.0,-42.0,-33.0,11.0
2020-06-02,2613.0,70,10678.0,184,55812.0,602,992305.0,8735,-22.0,-8.0,-25.0,-41.0,-33.0,12.0
2020-06-03,2650.0,37,10796.0,118,57021.0,1209,1022149.0,29844,-22.0,-11.0,-30.0,-43.0,-34.0,13.0
2020-06-04,2691.0,41,10923.0,127,58286.0,1265,1046860.0,24711,-24.0,-12.0,-38.0,-43.0,-34.0,14.0
2020-06-05,2745.0,54,11066.0,143,59305.0,1019,1073452.0,26592,-23.0,-10.0,-27.0,-43.0,-33.0,13.0
2020-06-06,2773.0,28,11163.0,97,60549.0,1244,1111427.0,37975,-28.0,-14.0,-48.0,-48.0,-18.0,8.0
2020-06-07,2786.0,13,11215.0,52,61941.0,1392,1152220.0,40793,-27.0,-14.0,-40.0,-49.0,-21.0,8.0
2020-06-08,2798.0,12,11282.0,67,62970.0,1029,1169646.0,17426,-22.0,-12.0,-25.0,-42.0,-32.0,11.0
2020-06-09,2851.0,53,11460.0,178,64128.0,1158,1192305.0,22659,-20.0,-10.0,-20.0,-41.0,-32.0,12.0
2020-06-10,2889.0,38,11621.0,161,65370.0,1242,1211652.0,19347,-20.0,-11.0,-15.0,-41.0,-33.0,11.0
2020-06-11,2938.0,49,11850.0,229,67039.0,1669,1237679.0,26027,-20.0,-10.0,-14.0,-39.0,-33.0,11.0
2020-06-12,2967.0,29,11986.0,136,68673.0,1634,1264928.0,27249,-20.0,-8.0,-3.0,-39.0,-32.0,11.0
2020-06-13,3016.0,49,12155.0,169,71149.0,2476,1296861.0,31933,-23.0,-9.0,-9.0,-40.0,-14.0,5.0
2020-06-14,3022.0,6,12224.0,69,73282.0,2133,1333447.0,36586,-22.0,-11.0,-10.0,-42.0,-17.0,5.0
2020-06-15,3030.0,8,12298.0,74,75042.0,1760,1352858.0,19411,-19.0,-10.0,-13.0,-39.0,-32.0,10.0
2020-06-16,3085.0,55,12489.0,191,77733.0,2691,1380200.0,27342,-18.0,-7.0,-4.0,-38.0,-32.0,11.0
2020-06-17,3110.0,25,12673.0,184,80160.0,2427,1403040.0,22840,-19.0,-9.0,-5.0,-39.0,-33.0,11.0
2020-06-18,3154.0,44,12862.0,189,82854.0,2694,1425386.0,22346,-20.0,-10.0,-15.0,-38.0,-33.0,11.0
2020-06-19,3197.0,43,13062.0,200,86167.0,3313,1443123.0,17737,-21.0,-7.0,-13.0,-39.0,-34.0,10.0
2020-06-20,3237.0,40,13227.0,165,90169.0,4002,1467475.0,24352,-21.0,-3.0,-6.0,-39.0,-15.0,5.0
2020-06-21,3254.0,17,13325.0,98,94786.0,4617,1502005.0,34530,-21.0,-7.0,-8.0,-41.0,-17.0,4.0
2020-06-22,3266.0,12,13407.0,82,97537.0,2751,1517270.0,15265,-21.0,-12.0,-13.0,-38.0,-35.0,10.0
2020-06-23,3333.0,67,13614.0,207,101335.0,3798,1537249.0,19979,-20.0,-9.0,-11.0,-38.0,-35.0,11.0
2020-06-24,3377.0,44,13865.0,251,106806.0,5471,1559328.0,22079,-20.0,-10.0,-8.0,-38.0,-34.0,11.0
2020-06-25,3423.0,46,14068.0,203,111797.0,4991,1606626.0,47298,-21.0,-9.0,-10.0,-37.0,-34.0,11.0
2020-06-26,3464.0,41,14281.0,213,120611.0,8814,1645925.0,39299,-24.0,-9.0,-10.0,-39.0,-34.0,12.0
2020-06-27,3489.0,25,14432.0,151,130145.0,9534,1696980.0,51055,-26.0,-10.0,-13.0,-40.0,-17.0,6.0
2020-06-28,3518.0,29,14540.0,108,138499.0,8354,1740822.0,43842,-26.0,-12.0,-15.0,-42.0,-17.0,6.0
2020-06-29,3546.0,28,14651.0,111,143862.0,5363,1766402.0,25580,-21.0,-11.0,-17.0,-39.0,-35.0,11.0
2020-06-30,3604.0,58,14879.0,228,149889.0,6027,1792561.0,26159,-20.0,-9.0,-16.0,-39.0,-35.0,11.0
2020-07-01,3650.0,46,15125.0,246,156434.0,6545,1821357.0,28796,-19.0,-9.0,-16.0,-37.0,-35.0,11.0
2020-07-02,3718.0,68,15454.0,329,165876.0,9442,1863077.0,41720,-16.0,-4.0,-10.0,-34.0,-37.0,11.0
2020-07-03,3785.0,67,15795.0,341,175200.0,9324,1902766.0,39689,-19.0,0.0,-6.0,-42.0,-53.0,16.0
2020-07-04,3803.0,18,16040.0,245,186530.0,11330,1956445.0,53679,-38.0,-15.0,-25.0,-52.0,-30.0,8.0
2020-07-05,3832.0,29,16201.0,161,196386.0,9856,2000088.0,43643,-31.0,-21.0,-36.0,-45.0,-24.0,7.0
2020-07-06,3880.0,48,16352.0,151,202623.0,6237,2027493.0,27405,-22.0,-13.0,-27.0,-39.0,-39.0,12.0
2020-07-07,3943.0,63,16733.0,381,209922.0,7299,2055400.0,27907,-22.0,-10.0,-19.0,-38.0,-37.0,12.0
2020-07-08,3991.0,48,17068.0,335,219869.0,9947,2096424.0,41024,-22.0,-12.0,-14.0,-39.0,-36.0,12.0
2020-07-09,4111.0,120,17479.0,411,228759.0,8890,2124680.0,28256,-22.0,-10.0,-12.0,-39.0,-36.0,12.0
2020-07-10,4203.0,92,17916.0,437,240009.0,11250,2177476.0,52796,-25.0,-12.0,-19.0,-42.0,-37.0,13.0
2020-07-11,4301.0,98,18341.0,425,250283.0,10274,2220788.0,43312,-28.0,-13.0,-26.0,-44.0,-18.0,7.0
2020-07-12,4346.0,45,18590.0,249,265432.0,15149,2304196.0,83408,-26.0,-13.0,-19.0,-44.0,-21.0,7.0
2020-07-13,4381.0,35,18817.0,227,277639.0,12207,2357139.0,52943,-22.0,-12.0,-19.0,-41.0,-37.0,11.0
2020-07-14,4514.0,133,19201.0,384,286822.0,9183,2393614.0,36475,-23.0,-11.0,-20.0,-41.0,-37.0,12.0
2020-07-15,4626.0,112,19659.0,458,296814.0,9992,2434143.0,40529,-23.0,-13.0,-21.0,-42.0,-36.0,12.0
2020-07-16,4782.0,156,20154.0,495,310573.0,13759,2499843.0,65700,-22.0,-10.0,-15.0,-41.0,-37.0,12.0
2020-07-17,4912.0,130,20526.0,372,321747.0,11174,2553527.0,53684,-25.0,-13.0,-20.0,-43.0,-37.0,13.0
2020-07-18,5002.0,90,20969.0,443,331920.0,10173,2594419.0,40892,-28.0,-14.0,-26.0,-46.0,-20.0,7.0
2020-07-19,5091.0,89,21309.0,340,344305.0,12385,2652594.0,58175,-26.0,-14.0,-16.0,-45.0,-22.0,6.0
2020-07-20,5183.0,92,21605.0,296,354710.0,10405,2691712.0,39118,-23.0,-14.0,-20.0,-42.0,-37.0,11.0
2020-07-21,5319.0,136,22123.0,518,363973.0,9263,2729916.0,38204,-23.0,-13.0,-23.0,-42.0,-38.0,12.0
2020-07-22,5459.0,140,22588.0,465,373637.0,9664,2775092.0,45176,-24.0,-16.0,-27.0,-44.0,-37.0,12.0
2020-07-23,5632.0,173,22991.0,403,383749.0,10112,2821074.0,45982,-25.0,-16.0,-31.0,-43.0,-37.0,13.0
2020-07-24,5768.0,136,23575.0,584,396069.0,12320,2874324.0,53250,-24.0,-13.0,-17.0,-43.0,-36.0,12.0
2020-07-25,5894.0,126,24086.0,511,408114.0,12045,2921866.0,47542,-26.0,-14.0,-17.0,-44.0,-19.0,6.0
2020-07-26,5972.0,78,24421.0,335,417360.0,9246,2962648.0,40782,-26.0,-16.0,-16.0,-45.0,-22.0,6.0
2020-07-27,6049.0,77,24690.0,269,426164.0,8804,2998750.0,36102,-24.0,-16.0,-24.0,-43.0,-38.0,11.0
2020-07-28,6240.0,191,25280.0,590,435302.0,9138,3038322.0,39572,-24.0,-14.0,-26.0,-43.0,-37.0,12.0
2020-07-29,6457.0,217,25867.0,587,444622.0,9320,3075342.0,37020,-22.0,-14.0,-19.0,-42.0,-37.0,12.0
2020-07-30,6709.0,252,26386.0,519,454457.0,9835,3117738.0,42396,-22.0,-11.0,-13.0,-40.0,-37.0,11.0
2020-07-31,6966.0,257,26905.0,519,463357.0,8900,3157702.0,39964,-22.0,-6.0,-13.0,-40.0,-37.0,11.0
2020-08-01,7144.0,178,27344.0,439,472859.0,9502,3199415.0,41713,-28.0,-11.0,-30.0,-46.0,-22.0,7.0
2020-08-02,7206.0,62,27524.0,180,479915.0,7056,3233865.0,34450,-34.0,-23.0,-43.0,-51.0,-27.0,9.0
2020-08-03,7279.0,73,27744.0,220,484729.0,4814,3260914.0,27049,-23.0,-16.0,-25.0,-42.0,-38.0,11.0
2020-08-04,7526.0,247,28333.0,589,490086.0,5357,3287128.0,26214,-23.0,-15.0,-23.0,-41.0,-37.0,11.0
2020-08-05,7751.0,225,28956.0,623,495510.0,5424,3312145.0,25017,-23.0,-16.0,-21.0,-42.0,-37.0,11.0
2020-08-06,7871.0,120,29515.0,559,503083.0,7573,3346974.0,34829,-23.0,-15.0,-18.0,-40.0,-37.0,11.0
2020-08-07,8051.0,180,30114.0,599,510624.0,7541,3378864.0,31890,-24.0,-14.0,-15.0,-42.0,-36.0,11.0
2020-08-08,8238.0,187,30639.0,525,518967.0,8343,3419295.0,40431,-25.0,-14.0,-12.0,-43.0,-19.0,5.0
2020-08-09,8315.0,77,30893.0,254,525106.0,6139,3452857.0,33562,-25.0,-16.0,-18.0,-43.0,-22.0,6.0
2020-08-10,8408.0,93,31177.0,284,529256.0,4150,3476896.0,24039,-23.0,-16.0,-21.0,-41.0,-37.0,10.0
2020-08-11,8685.0,277,31750.0,573,535018.0,5762,3506483.0,29587,-24.0,-16.0,-25.0,-41.0,-37.0,11.0
2020-08-12,8898.0,213,32349.0,599,543113.0,8095,3536678.0,30195,-22.0,-15.0,-19.0,-42.0,-36.0,11.0
2020-08-13,9047.0,149,32947.0,598,549340.0,6227,3564981.0,28303,-23.0,-15.0,-19.0,-40.0,-37.0,11.0
2020-08-14,9276.0,229,33568.0,621,557337.0,7997,3597280.0,32299,-24.0,-14.0,-17.0,-41.0,-36.0,11.0
2020-08-15,9480.0,204,34074.0,506,563628.0,6291,3633088.0,35808,-25.0,-15.0,-17.0,-43.0,-21.0,5.0
2020-08-16,9587.0,107,34341.0,267,567375.0,3747,3659212.0,26124,-25.0,-16.0,-16.0,-43.0,-23.0,5.0
2020-08-17,9674.0,87,34607.0,266,570024.0,2649,3676782.0,17570,-25.0,-18.0,-29.0,-42.0,-37.0,10.0
2020-08-18,9893.0,219,35112.0,505,573811.0,3787,3699108.0,22326,-23.0,-15.0,-22.0,-41.0,-36.0,10.0
2020-08-19,10067.0,174,35620.0,508,577891.0,4080,3722192.0,23084,-24.0,-17.0,-28.0,-43.0,-36.0,11.0
2020-08-20,10186.0,119,36070.0,450,582407.0,4516,3747150.0,24958,-24.0,-16.0,-30.0,-41.0,-36.0,10.0
2020-08-21,10304.0,118,36425.0,355,587023.0,4616,3773926.0,26776,-24.0,-14.0,-25.0,-41.0,-35.0,10.0
2020-08-22,10411.0,107,36764.0,339,591283.0,4260,3804250.0,30324,-25.0,-15.0,-25.0,-44.0,-19.0,5.0
2020-08-23,10462.0,51,36903.0,139,594287.0,3004,3828062.0,23812,-25.0,-16.0,-28.0,-44.0,-22.0,6.0
2020-08-24,10534.0,72,37032.0,129,596511.0,2224,3844327.0,16265,-26.0,-19.0,-35.0,-43.0,-36.0,10.0
2020-08-25,10717.0,183,37477.0,445,599176.0,2665,3861022.0,16695,-25.0,-15.0,-26.0,-42.0,-35.0,10.0
2020-08-26,10872.0,155,37847.0,370,602113.0,2937,3884096.0,23074,-24.0,-17.0,-23.0,-42.0,-34.0,10.0
2020-08-27,11011.0,139,38163.0,316,605342.0,3229,3905373.0,21277,-25.0,-16.0,-23.0,-41.0,-34.0,10.0
2020-08-28,11099.0,88,38474.0,311,609074.0,3732,3931871.0,26498,-24.0,-15.0,-20.0,-41.0,-33.0,10.0
2020-08-29,11249.0,150,38761.0,287,612206.0,3132,3956208.0,24337,-26.0,-16.0,-22.0,-45.0,-20.0,5.0
2020-08-30,11263.0,14,38857.0,96,614753.0,2547,3978022.0,21814,-27.0,-19.0,-34.0,-46.0,-23.0,6.0
2020-08-31,11331.0,68,38942.0,85,616629.0,1876,3992068.0,14046,-26.0,-19.0,-35.0,-42.0,-35.0,9.0
2020-09-01,11521.0,190,39311.0,369,624116.0,7487,4044826.0,52758,-22.0,-13.0,-24.0,-40.0,-34.0,9.0
2020-09-02,11651.0,130,39611.0,300,626426.0,2310,4060360.0,15534,-23.0,-16.0,-21.0,-41.0,-34.0,9.0
2020-09-03,11800.0,149,39884.0,273,629913.0,3487,4080683.0,20323,-22.0,-12.0,-20.0,-37.0,-34.0,8.0
2020-09-04,11903.0,103,40127.0,243,633060.0,3147,4099796.0,19113,-22.0,-12.0,-18.0,-36.0,-35.0,9.0
2020-09-05,11963.0,60,40373.0,246,636653.0,3593,4119940.0,20144,-23.0,-12.0,-10.0,-42.0,-23.0,4.0
2020-09-06,12001.0,38,40487.0,114,639166.0,2513,4138339.0,18399,-21.0,-14.0,-6.0,-45.0,-24.0,4.0
2020-09-07,12023.0,22,40547.0,60,640978.0,1812,4153415.0,15076,-24.0,-19.0,-7.0,-47.0,-69.0,17.0
2020-09-08,12067.0,44,40661.0,114,642775.0,1797,4166781.0,13366,-25.0,-15.0,-30.0,-38.0,-35.0,9.0
2020-09-09,12269.0,202,40985.0,324,644781.0,2006,4179100.0,12319,-24.0,-17.0,-29.0,-42.0,-33.0,9.0
2020-09-10,12482.0,213,41279.0,294,647318.0,2537,4195528.0,16428,-24.0,-16.0,-25.0,-39.0,-34.0,9.0
2020-09-11,12658.0,176,41494.0,215,650922.0,3604,4218375.0,22847,-24.0,-15.0,-22.0,-40.0,-32.0,9.0
2020-09-12,12756.0,98,41687.0,193,654090.0,3168,4240109.0,21734,-27.0,-18.0,-37.0,-46.0,-21.0,6.0
2020-09-13,12764.0,8,41769.0,82,656485.0,2395,4259936.0,19827,-27.0,-18.0,-42.0,-46.0,-23.0,6.0
2020-09-14,12800.0,36,41846.0,77,658203.0,1718,4275278.0,15342,-24.0,-16.0,-30.0,-41.0,-31.0,8.0
2020-09-15,12946.0,146,42127.0,281,660946.0,2743,4300001.0,24723,-24.0,-15.0,-29.0,-42.0,-32.0,10.0
2020-09-16,13100.0,154,42327.0,200,663234.0,2288,4312822.0,12821,-26.0,-19.0,-23.0,-43.0,-34.0,9.0
2020-09-17,13247.0,147,42525.0,198,666507.0,3273,4336517.0,23695,-24.0,-16.0,-24.0,-39.0,-33.0,9.0
2020-09-18,13387.0,140,42715.0,190,669684.0,3177,4360601.0,24084,-23.0,-14.0,-19.0,-39.0,-31.0,8.0
2020-09-19,13450.0,63,42858.0,143,673194.0,3510,4387321.0,26720,-23.0,-14.0,-18.0,-42.0,-20.0,4.0
2020-09-20,13459.0,9,42939.0,81,675691.0,2497,4411335.0,24014,-25.0,-17.0,-31.0,-43.0,-23.0,5.0
2020-09-21,13480.0,21,43033.0,94,677362.0,1671,4427821.0,16486,-24.0,-17.0,-32.0,-40.0,-33.0,9.0
2020-09-22,13579.0,99,43261.0,228,679776.0,2414,4444433.0,16612,-22.0,-14.0,-24.0,-40.0,-31.0,9.0
2020-09-23,13782.0,203,43433.0,172,682370.0,2594,4465481.0,21048,-22.0,-16.0,-22.0,-41.0,-30.0,9.0
2020-09-24,13961.0,179,43621.0,188,684847.0,2477,4486459.0,20978,-24.0,-16.0,-30.0,-40.0,-31.0,9.0
2020-09-25,14083.0,122,43793.0,172,687656.0,2809,4510107.0,23648,-23.0,-15.0,-29.0,-40.0,-30.0,9.0
2020-09-26,14190.0,107,43964.0,171,690387.0,2731,4536325.0,26218,-23.0,-14.0,-21.0,-43.0,-18.0,4.0
2020-09-27,14202.0,12,44030.0,66,692234.0,1847,4552877.0,16552,-24.0,-17.0,-27.0,-43.0,-21.0,5.0
2020-09-28,14207.0,5,44103.0,73,692962.0,728,4560370.0,7493,-25.0,-17.0,-37.0,-40.0,-32.0,9.0
2020-09-29,14313.0,106,44355.0,252,696171.0,3209,4585548.0,25178,-24.0,-15.0,-37.0,-41.0,-30.0,9.0
2020-09-30,14488.0,175,44608.0,253,698051.0,1880,4594668.0,9120,-21.0,-15.0,-25.0,-40.0,-30.0,8.0
2020-10-01,14619.0,131,44821.0,213,700602.0,2551,4616691.0,22023,-22.0,-14.0,-29.0,-38.0,-29.0,8.0
2020-10-02,14730.0,111,44991.0,170,703212.0,2610,4639717.0,23026,-22.0,-13.0,-29.0,-38.0,-28.0,8.0
2020-10-03,14803.0,73,45151.0,160,705965.0,2753,4661868.0,22151,-22.0,-14.0,-33.0,-42.0,-19.0,4.0
2020-10-04,14845.0,42,45215.0,64,707751.0,1786,4680415.0,18547,-23.0,-15.0,-44.0,-42.0,-22.0,5.0
2020-10-05,14886.0,41,45282.0,67,709157.0,1406,4694809.0,14394,-22.0,-14.0,-33.0,-38.0,-30.0,7.0
2020-10-06,14945.0,59,45519.0,237,711358.0,2201,4713453.0,18644,-22.0,-12.0,-30.0,-39.0,-30.0,8.0
2020-10-07,15084.0,139,45777.0,258,713902.0,2544,4737004.0,23551,-22.0,-15.0,-25.0,-40.0,-29.0,8.0
2020-10-08,15254.0,170,46005.0,228,717148.0,3246,4763745.0,26741,-22.0,-14.0,-21.0,-36.0,-30.0,8.0
2020-10-09,15372.0,118,46201.0,196,720001.0,2853,4789241.0,25496,-22.0,-14.0,-23.0,-37.0,-29.0,8.0
2020-10-10,15372.0,0,46201.0,0,720001.0,0,4789241.0,0,-22.0,-14.0,-22.0,-41.0,-18.0,4.0
2020-10-11,15552.0,180,46450.0,249,725415.0,5414,4816040.0,26799,-22.0,-15.0,-26.0,-40.0,-20.0,5.0
2020-10-12,15599.0,47,46541.0,91,726934.0,1519,4831259.0,15219,-22.0,-15.0,-24.0,-36.0,-33.0,8.0
2020-10-13,15722.0,123,46753.0,212,729591.0,2657,4854675.0,23416,-22.0,-13.0,-21.0,-37.0,-30.0,8.0
2020-10-14,15788.0,66,47011.0,258,732399.0,2808,4873615.0,18940,-21.0,-14.0,-19.0,-37.0,-29.0,8.0
2020-10-15,15932.0,144,47223.0,212,735685.0,3286,4898533.0,24918,-22.0,-13.0,-21.0,-34.0,-29.0,8.0
2020-10-16,16030.0,98,47396.0,173,739050.0,3365,4925248.0,26715,-23.0,-14.0,-26.0,-35.0,-29.0,8.0
2020-10-17,16118.0,88,47513.0,117,743018.0,3968,4951619.0,26371,-20.0,-12.0,-12.0,-37.0,-18.0,3.0
2020-10-18,16168.0,50,47592.0,79,745492.0,2474,4967372.0,15753,-21.0,-14.0,-23.0,-36.0,-21.0,4.0
2020-10-19,16222.0,54,47664.0,72,747183.0,1691,4982556.0,15184,-23.0,-16.0,-35.0,-35.0,-30.0,8.0
2020-10-20,16308.0,86,47895.0,231,750739.0,3556,5007558.0,25002,-22.0,-14.0,-33.0,-37.0,-29.0,9.0
2020-10-21,16308.0,0,47895.0,0,752845.0,2106,5007558.0,0,-23.0,-16.0,-35.0,-40.0,-29.0,9.0
2020-10-22,16470.0,162,48320.0,425,758306.0,5461,5053848.0,46290,-21.0,-13.0,-25.0,-34.0,-29.0,8.0
2020-10-23,16544.0,74,48510.0,190,761924.0,3618,5093972.0,40124,-20.0,-12.0,-19.0,-34.0,-29.0,8.0
2020-10-24,16620.0,76,48684.0,174,766305.0,4381,5161810.0,67838,-21.0,-13.0,-17.0,-37.0,-18.0,3.0
2020-10-25,16632.0,12,48766.0,82,768653.0,2348,5174087.0,12277,-21.0,-14.0,-27.0,-36.0,-21.0,4.0
2020-10-26,16652.0,20,48842.0,76,771989.0,3336,5202736.0,28649,-21.0,-13.0,-25.0,-34.0,-29.0,7.0
2020-10-27,16709.0,57,49077.0,235,776215.0,4226,5215423.0,12687,-21.0,-12.0,-23.0,-36.0,-29.0,8.0
2020-10-28,16775.0,66,49289.0,212,780220.0,4005,5249957.0,34534,-20.0,-13.0,-21.0,-37.0,-28.0,8.0
2020-10-29,16854.0,79,49580.0,291,784331.0,4111,5284167.0,34210,-19.0,-12.0,-22.0,-34.0,-28.0,7.0
2020-10-30,16927.0,73,49758.0,178,789714.0,5383,5284167.0,0,-18.0,-10.0,-18.0,-34.0,-28.0,7.0
2020-10-31,16969.0,42,49914.0,156,791997.0,2283,5334795.0,50628,-20.0,-8.0,-19.0,-38.0,-17.0,3.0
2020-11-01,16997.0,28,49981.0,67,796802.0,4805,5379089.0,44294,-20.0,-14.0,-27.0,-35.0,-20.0,4.0
2020-11-02,17043.0,46,50063.0,82,801371.0,4569,5399014.0,19925,-21.0,-12.0,-30.0,-35.0,-28.0,7.0
2020-11-03,17099.0,56,50298.0,235,805924.0,4553,5419836.0,20822,-17.0,-9.0,-18.0,-37.0,-30.0,8.0
2020-11-04,17131.0,32,50479.0,181,810256.0,4332,5436911.0,17075,-22.0,-16.0,-28.0,-39.0,-28.0,9.0
2020-11-05,17170.0,39,50670.0,191,816376.0,6120,5474729.0,37818,-23.0,-14.0,-31.0,-37.0,-28.0,8.0
2020-11-06,17224.0,54,50868.0,198,821526.0,5150,5504450.0,29721,-21.0,-13.0,-27.0,-38.0,-27.0,8.0
2020-11-07,17311.0,87,51029.0,161,825906.0,4380,5519123.0,14673,-22.0,-13.0,-31.0,-42.0,-17.0,5.0
2020-11-08,17333.0,22,51093.0,64,832525.0,6619,5557306.0,38183,-27.0,-18.0,-50.0,-44.0,-23.0,7.0
2020-11-09,17391.0,58,51196.0,103,836370.0,3845,5573760.0,16454,-28.0,-19.0,-52.0,-46.0,-39.0,13.0
2020-11-10,17460.0,69,51479.0,283,840652.0,4282,5593589.0,19829,-22.0,-13.0,-39.0,-40.0,-29.0,9.0
2020-11-11,17512.0,52,51731.0,252,846321.0,5669,5620660.0,27071,-22.0,-15.0,-43.0,-43.0,-39.0,13.0
2020-11-12,17585.0,73,51892.0,161,851825.0,5504,5641888.0,21228,-24.0,-17.0,-40.0,-41.0,-34.0,12.0
2020-11-13,17659.0,74,52163.0,271,858585.0,6760,5664400.0,22512,-21.0,-12.0,-24.0,-37.0,-27.0,8.0
2020-11-14,17704.0,45,52441.0,278,862990.0,4405,5691962.0,27562,-20.0,-13.0,-20.0,-39.0,-15.0,4.0
2020-11-15,17734.0,30,52529.0,88,872810.0,9820,5726495.0,34533,-20.0,-13.0,-19.0,-36.0,-19.0,4.0
2020-11-16,17775.0,41,52649.0,120,877340.0,4530,5748137.0,21642,-21.0,-13.0,-29.0,-35.0,-28.0,7.0
2020-11-17,17861.0,86,52966.0,317,884625.0,7285,5778913.0,30776,-20.0,-11.0,-28.0,-38.0,-28.0,8.0
2020-11-18,17949.0,88,53283.0,317,892352.0,7727,5812647.0,33734,-19.0,-12.0,-28.0,-37.0,-27.0,8.0
2020-11-19,18030.0,81,53519.0,236,901234.0,8882,5854290.0,41643,-20.0,-11.0,-31.0,-34.0,-28.0,8.0
2020-11-20,18110.0,80,53749.0,230,910065.0,8831,5892625.0,38335,-21.0,-11.0,-30.0,-33.0,-27.0,8.0
2020-11-21,18152.0,42,53929.0,180,918240.0,8175,5931934.0,39309,-21.0,-11.0,-29.0,-33.0,-15.0,4.0
2020-11-22,18214.0,62,54067.0,138,924614.0,6374,5973787.0,41853,-19.0,-11.0,-32.0,-34.0,-18.0,4.0
2020-11-23,18310.0,96,54167.0,100,930728.0,6114,5997774.0,23987,-15.0,-6.0,-24.0,-33.0,-33.0,7.0
2020-11-24,18383.0,73,54500.0,333,938830.0,8102,6043595.0,45821,-11.0,1.0,-21.0,-28.0,-34.0,8.0
2020-11-25,18482.0,99,54813.0,313,946956.0,8126,6081679.0,38084,-4.0,15.0,-20.0,-24.0,-37.0,7.0
2020-11-26,18482.0,0,54813.0,0,946956.0,0,6081679.0,0,-68.0,-39.0,-24.0,-56.0,-79.0,20.0
2020-11-27,18596.0,114,55149.0,336,963751.0,16795,6167085.0,85406,-25.0,-20.0,-13.0,-42.0,-57.0,16.0
2020-11-28,18677.0,81,55277.0,128,969813.0,6062,6197289.0,30204,-25.0,-19.0,-23.0,-34.0,-21.0,5.0
2020-11-29,18736.0,59,55393.0,116,976944.0,7131,6227391.0,30102,-22.0,-17.0,-28.0,-26.0,-20.0,4.0
2020-11-30,18834.0,98,55554.0,161,983370.0,6426,6256432.0,29041,-20.0,-13.0,-41.0,-32.0,-29.0,8.0
2020-12-01,18916.0,82,55892.0,338,991910.0,8540,6295909.0,39477,-17.0,-8.0,-37.0,-33.0,-28.0,8.0
2020-12-02,19012.0,96,56269.0,377,1001800.0,9890,6336387.0,40478,-19.0,-12.0,-34.0,-37.0,-27.0,9.0
2020-12-03,19112.0,100,56527.0,258,1012456.0,10656,6376281.0,39894,-18.0,-9.0,-29.0,-35.0,-27.0,8.0
2020-12-04,19236.0,124,56809.0,282,1022354.0,9898,6421830.0,45549,-20.0,-11.0,-29.0,-36.0,-26.0,8.0
2020-12-05,19327.0,91,57040.0,231,1032552.0,10198,6464040.0,42210,-18.0,-11.0,-21.0,-37.0,-13.0,4.0
2020-12-06,19423.0,96,57185.0,145,1040727.0,8175,6505237.0,41197,-18.0,-12.0,-27.0,-36.0,-17.0,4.0
2020-12-07,19529.0,106,57340.0,155,1048264.0,7537,6536189.0,30952,-20.0,-12.0,-41.0,-37.0,-28.0,8.0
2020-12-08,19627.0,98,57647.0,307,1056065.0,7801,6568361.0,32172,-19.0,-10.0,-37.0,-39.0,-27.0,8.0
2020-12-09,19716.0,89,57957.0,310,1065476.0,9411,6606421.0,38060,-18.0,-12.0,-33.0,-38.0,-27.0,8.0
2020-12-10,19851.0,135,58226.0,269,1076547.0,11071,6655188.0,48767,-19.0,-10.0,-28.0,-35.0,-27.0,8.0
2020-12-11,19977.0,126,58491.0,265,1087956.0,11409,6698956.0,43768,-20.0,-10.0,-26.0,-37.0,-26.0,8.0
2020-12-12,20049.0,72,58750.0,259,1098341.0,10385,6740796.0,41840,-19.0,-10.0,-25.0,-37.0,-14.0,4.0
2020-12-13,20133.0,84,58891.0,141,1107103.0,8762,6770385.0,29589,-17.0,-10.0,-21.0,-34.0,-16.0,4.0
2020-12-14,20271.0,138,59033.0,142,1115446.0,8343,6802567.0,32182,-18.0,-10.0,-34.0,-36.0,-28.0,7.0
2020-12-15,20365.0,94,59385.0,352,1124742.0,9296,6837002.0,34435,-16.0,-7.0,-30.0,-36.0,-28.0,8.0
2020-12-16,20490.0,125,59751.0,366,1136024.0,11282,6876037.0,39035,-18.0,-10.0,-36.0,-37.0,-27.0,8.0
2020-12-17,20594.0,104,60077.0,326,1149126.0,13102,6922831.0,46794,-16.0,-6.0,-32.0,-34.0,-27.0,8.0
2020-12-18,20690.0,96,60392.0,315,1161953.0,12827,6966477.0,43646,-18.0,-7.0,-33.0,-31.0,-27.0,8.0
2020-12-19,20764.0,74,60643.0,251,1173409.0,11456,7007106.0,40629,-17.0,-7.0,-27.0,-26.0,-13.0,3.0
2020-12-20,20861.0,97,60791.0,148,1181549.0,8140,7041605.0,34499,-16.0,-8.0,-34.0,-28.0,-16.0,4.0
2020-12-21,20976.0,115,60953.0,162,1192456.0,10907,7083114.0,41509,-8.0,-1.0,-21.0,-29.0,-35.0,7.0
2020-12-22,21052.0,76,61279.0,326,1202660.0,10204,7120966.0,37852,-5.0,5.0,-22.0,-24.0,-36.0,8.0
2020-12-23,21173.0,121,61617.0,338,1213760.0,11100,7163174.0,42208,1.0,15.0,-15.0,-19.0,-36.0,7.0
2020-12-24,21295.0,122,61922.0,305,1226530.0,12770,7210248.0,47074,-13.0,23.0,-30.0,-35.0,-55.0,12.0
2020-12-25,21295.0,0,61922.0,0,1226530.0,0,7210248.0,0,-76.0,-56.0,-40.0,-61.0,-82.0,25.0
2020-12-26,21437.0,142,62118.0,196,1243118.0,16588,7260215.0,49967,-28.0,-19.0,-41.0,-32.0,-26.0,8.0
2020-12-27,21514.0,77,62296.0,178,1250275.0,7157,7280442.0,20227,-22.0,-18.0,-23.0,-24.0,-20.0,6.0
2020-12-28,21613.0,99,62507.0,211,1258315.0,8040,7300176.0,19734,-13.0,-10.0,-13.0,-30.0,-41.0,11.0
2020-12-29,21718.0,105,62999.0,492,1270063.0,11748,7332925.0,32749,-12.0,-7.0,-8.0,-27.0,-41.0,11.0
2020-12-30,21857.0,139,63375.0,376,1283701.0,13638,7360958.0,28033,-7.0,-2.0,-7.0,-25.0,-40.0,10.0
2020-12-31,21990.0,133,63741.0,366,1300528.0,16827,7405064.0,44106,-6.0,13.0,-4.0,-34.0,-48.0,11.0
